ID,論点,本文で示す結論,一次資料,発出主体,日付,条文・頁,原資料が実際に示す内容,そこからの評価,原資料が示していないこと,URL,本文章,確認日,確認方法
M01,学校教育と社会教育,教育課程として行われる学校教育と社会教育を制度上区別する,社会教育法,国（e-Gov法令検索）,1949-06-10制定／2026-10-04確認,第2条,学校の教育課程として行われる活動を除く組織的教育活動等を社会教育と定義。,目的の共通性だけで学校とPTAの事務を一体化しない。,学校の法定業務すべてが教育課程内に限られること、協力禁止は示さない。,https://laws.e-gov.go.jp/law/324AC0000000207,1・2,2026-10-04,原資料本文確認。法令はe-Gov公式APIも取得。S09は公開写し1～4頁の画像照合。
M02,PTAの制度的位置,一般的なPTAを社会教育関係団体として整理する,社会教育法／第138回中央教育審議会総会・社会教育の在り方に関する諮問,国（e-Gov法令検索）／文部科学省,1949-06-10制定／2026-10-04確認／2024-06-25,第10条／諮問紹介の注,公の支配に属さず社会教育事業を主目的とする団体。文科省はPTAを例示。,会則・実態を照合して適用。PTA内部事務と教育活動を区別する。,第10条の本文にPTAという固有名はない。すべてのPTA事業の性質を一律に確定しない。,https://laws.e-gov.go.jp/law/324AC0000000207 | https://www.mext.go.jp/b_menu/activity/detail/2024/20240625.html,1・2,2026-10-04,原資料本文確認。法令はe-Gov公式APIも取得。S09は公開写し1～4頁の画像照合。
M03,別主体,学校在籍とPTA加入を分け、契約・情報・会計責任を区別する,学校教育法／民法／公立学校とPTAの間で個人情報のやり取りをするためのポイント,国（e-Gov法令検索）／国（e-Gov法令検索）／個人情報保護委員会事務局,1947-03-31制定／2026-10-04確認／1896-04-27制定／2026-10-04確認／2026-03（3月31日掲載）,第5条／第521・522条／資料5頁,設置者の学校管理・経費負担、契約成立、学校とPTAが別組織であること。,別主体を全体設計の前提にする。,これらの規定だけであらゆる学校協力が禁止されるとはいえない。,https://laws.e-gov.go.jp/law/322AC0000000026 | https://laws.e-gov.go.jp/law/129AC0000000089 | https://www.ppc.go.jp/files/pdf/202603_school_pta_pd_point.pdf,1～3,2026-10-04,原資料本文確認。法令はe-Gov公式APIも取得。S09は公開写し1～4頁の画像照合。
M04,行政の関与,教育委員会は学校側を点検し、PTA内部の決定をPTAに残す,社会教育法,国（e-Gov法令検索）,1949-06-10制定／2026-10-04確認,第12条,社会教育関係団体への不当な統制的支配・干渉を禁止。,学校の処理・公的資源の使用は学校側の基準で点検する。,助言・支援・学校処理の是正まで一律禁止する規定ではない。,https://laws.e-gov.go.jp/law/324AC0000000207,2・11,2026-10-04,原資料本文確認。法令はe-Gov公式APIも取得。S09は公開写し1～4頁の画像照合。
M05,加入契約,PTA加入を会員資格・会費・会則上の権利義務等を発生させる私法上の合意関係として、民法上の契約と整理する,民法,国（e-Gov法令検索）,1896-04-27制定／2026-10-04確認,第521・522条1項,契約締結の自由、内容を示した申込みと承諾による成立。,学校入学や在籍から加入を推定せずオプトインにする。,民法条文自体はPTA加入を例示しない。個々の加入合意の有無は事実関係を確認する。,https://laws.e-gov.go.jp/law/129AC0000000089,4,2026-10-04,原資料本文確認。法令はe-Gov公式APIも取得。S09は公開写し1～4頁の画像照合。
M06,方式と証拠,紙に限定せず加入申込みの記録を残す,民法,国（e-Gov法令検索）,1896-04-27制定／2026-10-04確認,第522条2項,特別の法令規定がなければ契約成立に書面等の方式不要。,紙・フォーム・メールで最低限の加入意思・条件・PTAの受入れを確認。ID・独立書類等の証跡管理は推奨事項として分け、同じ記録を共用できる。,記録保存自体をすべての契約の法的成立要件とはしない。口頭加入の可能性を排除しない。,https://laws.e-gov.go.jp/law/129AC0000000089,ガイド4・5／実務ひな形集5・6,2026-10-04,原資料本文確認。法令はe-Gov公式APIも取得。S09は公開写し1～4頁の画像照合。
M07,承諾記録,受付とPTAの承諾を区別。受入れを最低限確認し、日時・担当・通知・到達確認・開始日の証跡管理は推奨として整理。,民法,国（e-Gov法令検索）,1896-04-27制定／2026-10-04確認,第97・522条,意思表示の到達による効力、申込みに対する承諾。,小規模PTAでは申込みと承諾の紙又はメールを共用。97条の到達による効力と、到達確認の証跡を別途取得する実務は区別する。,独立した承諾書という一律の法的方式を要求しない。例外的成立方式の全論点は扱わない。,https://laws.e-gov.go.jp/law/129AC0000000089,ガイド4・5／実務ひな形集5・6,2026-10-04,原資料本文確認。法令はe-Gov公式APIも取得。S09は公開写し1～4頁の画像照合。
M08,消費者契約法の適用,PTAは同法上の事業者に該当し、通常の保護者加入契約は検討対象,消費者契約法／消費者契約法逐条解説 第2条（定義）,国（e-Gov法令検索）／消費者庁,2000-05-12制定／2026-10-04確認／2023-09,第2条／解説PDF5頁・印刷頁10（5）,事業者は法人その他の団体等。解説はその他の団体の例としてPTAを明記。,法人格なし・非営利を理由に同法を除外しない。,すべての内部行為が契約になるとはしない。個別取消しや条項無効の判断までは示さない。,https://laws.e-gov.go.jp/law/412AC0000000061 | https://www.caa.go.jp/policies/policy/consumer_system/consumer_contract_act/annotations/assets/consumer_system_cms203_230915_04.pdf,4,2026-10-04,原資料本文確認。法令はe-Gov公式APIも取得。S09は公開写し1～4頁の画像照合。
M09,説明と取消し,条件を明確に説明し、第4条の個別要件を点検する,消費者契約法,国（e-Gov法令検索）,2000-05-12制定／2026-10-04確認,第3・4条,平易な条項・情報提供等の努力義務。所定の誤認・困惑等による意思表示の取消し。,会費・退会・活動内容を加入前に明示。法定要件を個別に検討。,説明不足がすべて当然取消しになるという規定ではない。,https://laws.e-gov.go.jp/law/412AC0000000061,4,2026-10-04,原資料本文確認。法令はe-Gov公式APIも取得。S09は公開写し1～4頁の画像照合。
M10,不作為と無効条項,未提出を加入とみなす設計を採らない,消費者契約法,国（e-Gov法令検索）,2000-05-12制定／2026-10-04確認,第10条,不作為を申込み等とみなす条項等について、権利制限等と信義則違反の要件で無効。,成立の有無と条項無効を分け、明示的加入で紛争を避ける。,不作為条項の存在だけで一律無効とは断定しない。,https://laws.e-gov.go.jp/law/412AC0000000061,4,2026-10-04,原資料本文確認。法令はe-Gov公式APIも取得。S09は公開写し1～4頁の画像照合。
M11,PTA台帳・個人情報管理,PTA自身が必要最小限を直接取得し、権限と保存を設計する,個人情報の保護に関する法律／公立学校とPTAの間で個人情報のやり取りをするためのポイント,国（e-Gov法令検索）／個人情報保護委員会事務局,2003-05-30制定／2026-10-04確認／2026-03（3月31日掲載）,第17・21・23・25・27条／資料12～17頁,民間規律の利用目的、安全管理、委託先監督、第三者提供等。,学校名簿の代用を解消。PTA取得主体、目的・項目、会員管理、決済、内部連絡、委託先監督、アクセス、安全管理、保存・退会後処理、本人問合せを独立の実物説明文にする。,保存年数、会員ID、台帳様式を全国一律に指定していない。ひな形はPTAの実際の取扱い・契約・保存方針を記入する案で、全ての削除希望に無条件で応じると約束するものではない。,https://laws.e-gov.go.jp/law/415AC0000000057 | https://www.ppc.go.jp/files/pdf/202603_school_pta_pd_point.pdf,ガイド5／実務ひな形集8（member-privacy）,2026-10-04,原資料本文確認。法令はe-Gov公式APIも取得。S09は公開写し1～4頁の画像照合。
M12,学校の情報保有,学校の所掌事務・業務と第61条を先に確認する,個人情報の保護に関する法律,国（e-Gov法令検索）,2003-05-30制定／2026-10-04確認,第61・62条,所掌事務等に必要な場合の保有、目的特定、範囲制限、目的変更の関連性、直接書面取得の目的明示。,目的欄をPTA支援に変更するだけで権限は創設されない。,法令に根拠を持つ個別の情報連携を否定しない。,https://laws.e-gov.go.jp/law/415AC0000000057,6,2026-10-04,原資料本文確認。法令はe-Gov公式APIも取得。S09は公開写し1～4頁の画像照合。
M13,個人情報保護委員会資料の構造,学校業務と目的を先に確認。現場例を適法認定と読まない,公立学校とPTAの間で個人情報のやり取りをするためのポイント,個人情報保護委員会事務局,2026-03（3月31日掲載）,2・3・5～7頁,会費徴収等を現場の声として例示。業務根拠と目的を確認する構成。,処理ごとに根拠・目的・必要性を確認する。,現場例の会費徴収・役員名簿を包括的に許可した資料ではない。,https://www.ppc.go.jp/files/pdf/202603_school_pta_pd_point.pdf,6,2026-10-04,原資料本文確認。法令はe-Gov公式APIも取得。S09は公開写し1～4頁の画像照合。
M14,目的内外と同意,目的内は公的規律で判断、目的外は原則禁止と例外を確認,個人情報の保護に関する法律／個人情報保護法Q&A（行政機関等編）,国（e-Gov法令検索）／個人情報保護委員会,2003-05-30制定／2026-10-04確認／Q3-3-2・3は2025-12追加／2026-10-04確認,第69条／Q3-3-2・3,目的外制限、法令に基づく場合と第2項各号。公的規律の目的内提供に同意一律不要。,学校側に民間規律第27条だけを当てはめない。,目的内であれば無制限に情報提供できるわけではない。,https://laws.e-gov.go.jp/law/415AC0000000057 | https://www.ppc.go.jp/personalinfo/legal/koutekibumon_qa/,6,2026-10-04,原資料本文確認。法令はe-Gov公式APIも取得。S09は公開写し1～4頁の画像照合。
M15,臨時性,同意等による目的外例外は臨時的処理として確認する,公立学校とPTAの間で個人情報のやり取りをするためのポイント／個人情報保護法Q&A（行政機関等編）,個人情報保護委員会事務局／個人情報保護委員会,2026-03（3月31日掲載）／Q3-3-2・3は2025-12追加／2026-10-04確認,資料8頁／Q3-3-2,資料8頁は同意と特別の理由を臨時的と説明。Q&Aは恒常処理の第61条整理を説明。,毎年同意を取るだけで恒常的名簿処理の検討を終えない。,第69条の条文自体に臨時的という語はない。年1回の処理がすべて当然違法とは断定しない。,https://www.ppc.go.jp/files/pdf/202603_school_pta_pd_point.pdf | https://www.ppc.go.jp/personalinfo/legal/koutekibumon_qa/,6,2026-10-04,原資料本文確認。法令はe-Gov公式APIも取得。S09は公開写し1～4頁の画像照合。
M16,恒常的処理と目的変更,反復処理は根拠業務と目的特定へ戻る,個人情報の保護に関する法律／個人情報保護法Q&A（行政機関等編）,国（e-Gov法令検索）／個人情報保護委員会,2003-05-30制定／2026-10-04確認／Q3-3-2・3は2025-12追加／2026-10-04確認,第61条1～3項／Q3-3-2,恒常的処理は目的特定又は適法な目的変更が必要との説明。,所掌事務に入らないPTA内部管理を、目的欄の追加で正当化しない。,具体的自治体の業務根拠や目的変更の適法性を資料だけで確定しない。,https://laws.e-gov.go.jp/law/415AC0000000057 | https://www.ppc.go.jp/personalinfo/legal/koutekibumon_qa/,6,2026-10-04,原資料本文確認。法令はe-Gov公式APIも取得。S09は公開写し1～4頁の画像照合。
M17,特別の理由・非会員,便利さだけで特別の理由とせず、通常会員管理に非会員名簿を組み込まない,公立学校とPTAの間で個人情報のやり取りをするためのポイント,個人情報保護委員会事務局,2026-03（3月31日掲載）,8頁,公益性・独自取得困難性・緊急性等を具体的に検討。,通常会員管理では非会員を特定・登録しない。任意事業の参加記録は目的・期間を分ける。PTA独自事業の区分は名称だけでなく実施主体・対象・時間・場所・学校行事との関係・参加・費用・学校職員の関与等の実態で整理する。,非会員本人から別の正当な目的で情報取得する全場面を禁止しない。,https://www.ppc.go.jp/files/pdf/202603_school_pta_pd_point.pdf,ガイド3・6／実務ひな形集1・4・7・8,2026-10-04,原資料本文確認。法令はe-Gov公式APIも取得。S09は公開写し1～4頁の画像照合。
M18,PTAからの依頼と学校側の所掌事務・権限・職務,依頼・本人同意・委任状だけで、学校側に存在しない所掌事務・権限・職務は作れない,学校教育法／個人情報の保護に関する法律／地方公務員法／地方自治法,国（e-Gov法令検索）／国（e-Gov法令検索）／国（e-Gov法令検索）／国（e-Gov法令検索）,1947-03-31制定／2026-10-04確認／2003-05-30制定／2026-10-04確認／1950-12-13制定／2026-10-04確認／1947-04-17制定／2026-10-04確認,第5条／第61・69条／第35条／第235条の4第2項,各主体の管理・情報・服務・現金保管に独立の制限。,私人からの依頼・同意・委任を、学校側の所掌事務・行政権限・職務権限の創設根拠としない。学校側の業務・情報・服務・会計の根拠を独立に確認。,私人間の委任一般の有効性を論じるものではない。少なくとも私人からの依頼・委任は、公立学校側の所掌事務、行政上の権限、教職員の職務権限を創設する根拠にはならない。PPCはPTA内部事務を学校へ委託・委任する一般制度を提示していない。,https://laws.e-gov.go.jp/law/322AC0000000026 | https://laws.e-gov.go.jp/law/415AC0000000057 | https://laws.e-gov.go.jp/law/325AC0000000261 | https://laws.e-gov.go.jp/law/322AC0000000067,ガイド6・7／実務ひな形集1・7（Q9）,2026-10-04,原資料本文確認。法令はe-Gov公式APIも取得。S09は公開写し1～4頁の画像照合。
M19,学校からPTAへの委託,学校業務の委託とPTAから学校への委任を分ける,公立学校とPTAの間で個人情報のやり取りをするためのポイント,個人情報保護委員会事務局,2026-03（3月31日掲載）,9～10頁,学校側が情報処理を委託する場合と単なる提供を区別し監督等を説明。,方向の違いを明示し、適法な学校業務から検討する。,PTAの内部会計を学校が受任してよいという包括授権を示さない。,https://www.ppc.go.jp/files/pdf/202603_school_pta_pd_point.pdf,6,2026-10-04,原資料本文確認。法令はe-Gov公式APIも取得。S09は公開写し1～4頁の画像照合。
M20,Piita通常・集金,公開料金と決済・台帳機能を選択肢として提示,Piita公式サイト／Piitaの会費集め,合同会社FLINT／合同会社FLINT,更新日表示未確認／2026-10-04確認／更新日表示未確認／2026-10-04確認,料金・機能／会費集めFAQ,"通常年額9,800円税込、カード・振込、会費6％、PTA送金275円等。",加入台帳との整合と総費用を検討。サービス登録を加入意思表示と自動的に扱わない。,返金手数料、契約証跡、退会即時停止、会計連携、追加費用のすべては未確定。,https://piita.jp/ | https://piita.jp/howto/payment,ガイド7／実務ひな形集・参考資料,2026-10-04,原資料本文確認。法令はe-Gov公式APIも取得。S09は公開写し1～4頁の画像照合。
M21,Piita全Pプラン,固定年額無料の特別プラン。決済手数料は残る,PTAでも会費決済 Piitaの会費集め（全Pプラン）,一般社団法人全国PTA連絡協議会,FAQに2026-03-16等／2026-10-04確認,入会管理・料金・FAQ,専用申込経路、入会・集金特化、年間無料、6％・275円、保護者登録機能。,通常プランと同一サービス内で比較。非会員登録の必要性は別判断。,非会員登録を必須にしてよいとはいえない。機能範囲や退会処理の契約条件は未確定。,https://zen-p.net/svf/p_piita.html,ガイド7／実務ひな形集・参考資料,2026-10-04,原資料本文確認。法令はe-Gov公式APIも取得。S09は公開写し1～4頁の画像照合。
M22,月額パンダ,カード・振替等と公開基本料金を選択肢として提示,月額パンダ公式サイト／月額パンダFAQ,月額パンダ公式（サービス提供者）／月額パンダ公式（サービス提供者）,更新日表示未確認／2026-10-04確認／更新日表示未確認／2026-10-04確認,公式料金・FAQ,初期月額0、3.5％＋成功100円に税、口座登録500／1000円、未回収時代替決済。,加入契約記録は別に設計し、口座登録料を含め初年度費用を比較する。,登録料の税表示、送金料、返金、年1回利用条件等は要確認。全P掲載の3.4％とは不一致。,https://getsugaku-panda.jp/ | https://getsugaku-panda.jp/faq/index.html,ガイド7／実務ひな形集・参考資料,2026-10-04,原資料本文確認。法令はe-Gov公式APIも取得。S09は公開写し1～4頁の画像照合。
M23,料金試算,100世帯・年会費2000円・年1回・PTA負担で比較,Piita公式サイト／Piitaの会費集め／PTAでも会費決済 Piitaの会費集め（全Pプラン）／月額パンダ公式サイト／月額パンダFAQ,合同会社FLINT／合同会社FLINT／一般社団法人全国PTA連絡協議会／月額パンダ公式（サービス提供者）／月額パンダ公式（サービス提供者）,更新日表示未確認／2026-10-04確認／更新日表示未確認／2026-10-04確認／FAQに2026-03-16等／2026-10-04確認／更新日表示未確認／2026-10-04確認／更新日表示未確認／2026-10-04確認,公開料金から本キット計算,Piita6％と送金275円、通常年額9800円。パンダ3.5％＋成功100円に税。,通常22075円、全P12275円。パンダ基本18700円は登録料等を除く。,総見積を確定しない。家庭側の振込料、登録料、分割回数等は条件別。,https://piita.jp/ | https://piita.jp/howto/payment | https://zen-p.net/svf/p_piita.html | https://getsugaku-panda.jp/ | https://getsugaku-panda.jp/faq/index.html,ガイド7／実務ひな形集・参考資料,2026-10-04,原資料本文確認。法令はe-Gov公式APIも取得。S09は公開写し1～4頁の画像照合。
M24,役員選出,PTA会員からPTA自身が選出し、学校の全家庭情報に依存しない,民法／個人情報の保護に関する法律,国（e-Gov法令検索）／国（e-Gov法令検索）,1896-04-27制定／2026-10-04確認／2003-05-30制定／2026-10-04確認,第521・522条／第61・69条,加入合意と学校情報利用制限。,PTA内部事務はPTAの台帳から実施。加入と役員就任の承諾は区別。,あらゆる役員就任承諾に固有の法定様式があるとはしない。,https://laws.e-gov.go.jp/law/129AC0000000089 | https://laws.e-gov.go.jp/law/415AC0000000057,8,2026-10-04,原資料本文確認。法令はe-Gov公式APIも取得。S09は公開写し1～4頁の画像照合。
M25,職務専念・秘密,勤務時間中のPTA内部事務を服務上点検する,地方公務員法,国（e-Gov法令検索）,1950-12-13制定／2026-10-04確認,第34・35・38条,守秘、職務専念、営利企業従事等制限。,無報酬でも勤務時間内の自由な事務従事にはならない。必要な職専免等を確認。,第38条だけで非営利PTAの無報酬役員がすべて禁止とはしない。,https://laws.e-gov.go.jp/law/325AC0000000261,8,2026-10-04,原資料本文確認。法令はe-Gov公式APIも取得。S09は公開写し1～4頁の画像照合。
M26,教職員との協力,学校職位によるPTA内部役職・恒常事務を外し、連絡担当を別にする,学校関係団体が実施する事業に係る兼職兼業等の取扱い及び学校における会計処理の適正化についての留意事項等について（通知）／地方公務員法,文部科学省 初等中等教育局長／国（e-Gov法令検索）,2012-05-09（24文科初第187号）／1950-12-13制定／2026-10-04確認,通知1～3頁、関係法令7頁／第35条,補習等の兼職兼業、教特法17条等の手続、公私の区別、会計処理。,本キットの分離設計として採用。任命権者規則・教特法等は個別追加確認。,国がPTA役員就任・学校協力を全面禁止した通知ではない。,https://www.mext.go.jp/content/20221011-mxt_syoto01_02.pdf | https://laws.e-gov.go.jp/law/325AC0000000261,8,2026-10-04,原資料本文確認。法令はe-Gov公式APIも取得。S09は公開写し1～4頁の画像照合。
M27,学校施設,許可と条件を整理して社会教育活動等の利用を可能にする,社会教育法／学校教育法／地方自治法,国（e-Gov法令検索）／国（e-Gov法令検索）／国（e-Gov法令検索）,1949-06-10制定／2026-10-04確認／1947-03-31制定／2026-10-04確認／1947-04-17制定／2026-10-04確認,第44・45条／第137条／第238条の4第7項,社会教育への利用、管理機関の許可、目的を妨げない行政財産使用許可。,適用制度、権限、費用、事故責任を自治体で確認。分離しても協力は可能。,PTAだから自動無償・無期限で利用可能とは示さない。どの制度でも重複許可必須とはしない。,https://laws.e-gov.go.jp/law/324AC0000000207 | https://laws.e-gov.go.jp/law/322AC0000000026 | https://laws.e-gov.go.jp/law/322AC0000000067,8,2026-10-04,原資料本文確認。法令はe-Gov公式APIも取得。S09は公開写し1～4頁の画像照合。
M28,経費・寄附・会計,学校必要経費とPTA会費を区別し強制的寄附に置き換えない,学校教育法／学校関係団体が実施する事業に係る兼職兼業等の取扱い及び学校における会計処理の適正化についての留意事項等について（通知）,国（e-Gov法令検索）／文部科学省 初等中等教育局長,1947-03-31制定／2026-10-04確認／2012-05-09（24文科初第187号）,第5条／通知2～3頁,設置者負担、負担転嫁回避、割当強制寄附禁止、自発的寄附と適正受納、会計区分。,会費減少時に学校経費を点検し、任意団体の維持と切り分ける。,学校関係団体からのすべての自発的寄附が禁止とはしない。,https://laws.e-gov.go.jp/law/322AC0000000026 | https://www.mext.go.jp/content/20221011-mxt_syoto01_02.pdf,7・8,2026-10-04,原資料本文確認。法令はe-Gov公式APIも取得。S09は公開写し1～4頁の画像照合。
M29,横浜市の実装例,任意加入・オプトイン・非会員配慮等の整理は行政で可能,PTA運営の留意点について（通知）・学教第1965号／市民の声：PTAの運営に関する通知について,横浜市教育委員会事務局 学校支援・地域連携課長／横浜市（回答：学校支援・地域連携課）,S09：2025-12-01／S10受付年月：2026年1月・公表内容基準日：2026年1月26日／日付欄2026-10-04確認,通知1～4頁・別紙1の1～5／公式回答,任意団体と意思確認、オプトイン望ましい、情報管理、非会員配慮、校長名発信等の誤認。,通知写しS09と公式回答S10を区別。S10の受付年月・公表内容基準日を明記し、教職員関与の検討状況を2026年1月26日時点の記述として扱う。,市公式ホストの通知一式原掲載先は未確認。全国への拘束力・全校実施を示さない。,https://ptaorg.com/assets/docs/yokohama-notice-1965-complete.pdf | https://cgi.city.yokohama.lg.jp/shimin/kouchou/search/data/37005219.html,11,2026-10-04,原資料本文確認。法令はe-Gov公式APIも取得。S09は公開写し1～4頁の画像照合。 v0.3指定修正のためS10公式ページの日付欄のみ追加確認。受付年月・基準日を回答発出日又は公開日と同一視しない。
M30,横浜市例の限界,通知を自己徴収の全面義務・学校徴収全面禁止と引用しない,PTA運営の留意点について（通知）・学教第1965号／市民の声：PTAの運営に関する通知について,横浜市教育委員会事務局 学校支援・地域連携課長／横浜市（回答：学校支援・地域連携課）,S09：2025-12-01／S10受付年月：2026年1月・公表内容基準日：2026年1月26日／日付欄2026-10-04確認,通知3頁・別紙1項目4／公式回答,協議・委任・保護者意思確認を前提に代行徴収する場合も記載。教職員関与は検討中。,条件付き代行徴収の記載があるという資料上の事実・限界を保持し、FAQの推奨実務には出さない。私人の委任から学校権限は創設されず、学校側の根拠を先に確認する。,全国一律の自己徴収義務・学校徴収全面禁止又は学校連絡ツール全面禁止の公式見解ではない。条件付き記載を、委任が学校の所掌事務・行政権限・教職員の職務を創設する根拠と読まない。S09の市公式ホスト・現行性は未確認。,https://ptaorg.com/assets/docs/yokohama-notice-1965-complete.pdf | https://cgi.city.yokohama.lg.jp/shimin/kouchou/search/data/37005219.html,11,2026-10-04,原資料本文確認。法令はe-Gov公式APIも取得。S09は公開写し1～4頁の画像照合。 v0.3指定修正のためS10公式ページの日付欄のみ追加確認。受付年月・基準日を回答発出日又は公開日と同一視しない。
M31,現金保管の論点,学校口座等の名義・管理者・公私を確認する,地方自治法,国（e-Gov法令検索）,1947-04-17制定／2026-10-04確認,第235条の4第2項,自治体所有でない現金等の保管は法律又は政令による根拠を要求（担保等除く）。,自治体保管の有無を確認し、学校私費会計と公会計を無確認で同一視しない。 図1も学校が扱う公金・学校徴収金等について公私区分を確認すると明記する。,条文だけで学校内で扱うすべての私費現金の帰属・保管主体を確定しない。,https://laws.e-gov.go.jp/law/322AC0000000067,ガイド7／図1／実務ひな形集1・2,2026-10-04,原資料本文確認。法令はe-Gov公式APIも取得。S09は公開写し1～4頁の画像照合。
M32,移行工程と責任分担,自己管理・自己徴収への工程と停止基準を作る,社会教育法／民法／個人情報の保護に関する法律／地方公務員法／地方自治法,国（e-Gov法令検索）／国（e-Gov法令検索）／国（e-Gov法令検索）／国（e-Gov法令検索）／国（e-Gov法令検索）,1949-06-10制定／2026-10-04確認／1896-04-27制定／2026-10-04確認／2003-05-30制定／2026-10-04確認／1950-12-13制定／2026-10-04確認／1947-04-17制定／2026-10-04確認,関連規律からの実務設計,各資料は契約・情報・服務・会計・施設の規律を個別に示す。,教育委員会は学校側のPTA内部事務を点検・終了・是正し、処理別切替日を整理。PTAは会則に基づき加入受付・管理・徴収方法を自主決定する。PTAへ内部運営を命令せず必要な協議を行う。,法定の一律30日期限や全国共通の移行工程ではない。旧運用の適法性を包括確定しない。,https://laws.e-gov.go.jp/law/324AC0000000207 | https://laws.e-gov.go.jp/law/129AC0000000089 | https://laws.e-gov.go.jp/law/415AC0000000057 | https://laws.e-gov.go.jp/law/325AC0000000261 | https://laws.e-gov.go.jp/law/322AC0000000067,ガイド10～13／実務ひな形集1～7,2026-10-04,原資料本文確認。法令はe-Gov公式APIも取得。S09は公開写し1～4頁の画像照合。
M33,非会員を把握しない二経路,学校は学校業務に必要な保護者等の情報を管理。PTAは直接申込み＋承諾から会員だけを登録。非会員・未提出者一覧を会員管理のため取得・作成せず、学校名簿と突合しない。,S03／S06／S07／S09,既存S資料の各発出主体（ガイド14章参照）,原資料の日付はS資料一覧参照,民法521・522条／17・61・69条／PPC3・5～10・13～15頁／横浜通知1～4頁,契約の申込み・承諾、主体ごとの情報規律、学校とPTAの別組織、任意性・非会員児童への配慮。,学校教育上の処理にPTA加入属性を持ち込まない。申込みのない人はPTAで処理せず、学校職員による催促・再提出依頼・電話等の追跡をしない。全員回答・非加入届を求めない。 図2で「全体 − 非加入申告者 ≠ PTA会員」と、白紙の台帳＋加入申込み＋PTA承諾からの積上げを対比。白紙は新受付の設計を示し、既存契約・記録の一律消去を意味しない。,非会員を一切記録できない全国一律の条文を示すものではない。未承諾申込記録や任意事業参加記録は目的・期間を別に定める。,https://laws.e-gov.go.jp/law/129AC0000000089 ; https://laws.e-gov.go.jp/law/415AC0000000057 ; https://www.ppc.go.jp/files/pdf/202603_school_pta_pd_point.pdf ; https://ptaorg.com/assets/docs/yokohama-notice-1965-complete.pdf,ガイド3・5・12／図2／実務ひな形集1～8,2026-10-04,v0.1で確認済みの一次資料・根拠表を使用。v0.2は既存資料の再読と設計レビューのみ、新規Web調査なし
M34,教育委員会とPTAの決定範囲,設置者側は学校の情報・会計・服務・施設を適正化。PTAは会則・会費・加入承諾・台帳・役員・活動・徴収方法を決定。,S01／S02／S06／S12／S14,既存S資料の各発出主体（ガイド14章参照）,原資料の日付はS資料一覧参照,社教法12条／学校教育法5・37条／61・69条／地公法35条／地自法238条の4第7項,社会教育団体への不当な統制的支配・干渉の制限及び学校管理・公的情報・服務・財産の各規律。,行政側は学校が担うPTA内部事務からの退出を中心に、根拠不明・不適切処理の終了・是正と切替日を決定する。PTAの加入受付・管理・徴収等は会則に基づく自主決定とし、内部運営を命令しない。,あらゆる行政支援・助言を禁じる趣旨ではない。権限の担当・地域制度は個別確認。,https://laws.e-gov.go.jp/law/324AC0000000207 ; https://laws.e-gov.go.jp/law/322AC0000000026 ; https://laws.e-gov.go.jp/law/415AC0000000057 ; https://laws.e-gov.go.jp/law/325AC0000000261 ; https://laws.e-gov.go.jp/law/322AC0000000067,ガイド2・11／実務ひな形集1／拡張計画,2026-10-04,v0.1で確認済みの一次資料・根拠表を使用。v0.2は既存資料の再読と設計レビューのみ、新規Web調査なし
M35,教職員本人の加入と学校組織の区別,教職員であること≠PTA会員。個人の加入申込み→PTA承諾→個人の会員資格。学校組織の会員資格と混同しない。,S03／S06／S12／S13,既存S資料の各発出主体（ガイド14章参照）,原資料の日付はS資料一覧参照,民法521・522条／61・69条／地公法34・35・38条／2012年通知1～3頁,加入整理に用いる一般契約規律、公的情報・服務、兼職兼業・会計等の注意事項。,自動加入・当然役員・職員名簿転用・給与控除・勤務内内部事務を点検項目にする。,教職員全員の加入・就任・給与控除の適法性を確定していない。職種・任命権者・地域規則・本人意思は要確認。,https://laws.e-gov.go.jp/law/129AC0000000089 ; https://laws.e-gov.go.jp/law/415AC0000000057 ; https://laws.e-gov.go.jp/law/325AC0000000261 ; https://www.mext.go.jp/content/20221011-mxt_syoto01_02.pdf,ガイド8／実務ひな形集2・5・7,2026-10-04,v0.1で確認済みの一次資料・根拠表を使用。v0.2は既存資料の再読と設計レビューのみ、新規Web調査なし
M36,通知・点検票・関係者説明の実装,通知、学校点検、PTA役員、保護者説明を実物化。法令の規律と採用方針を区別し、現状・根拠・担当・次回実行日・是正方法を記録。,S01／S02／S03／S06／S07／S09／S12／S13／S14,既存S資料の各発出主体（ガイド14章参照）,原資料の日付はS資料一覧参照,既存M01～M32とガイドの対応箇所,各主体の契約・情報・服務・会計・施設の規律。横浜通知は実装例、条件付き学校徴収も含む。,通知本文は学校側の終了・是正・切替とPTA自主決定を分け、編集者目線の「本キットでは」を除く。点検票に未提出者把握・催促・追跡を24番として追加。保護者窓口はPTAの現在処理と学校・教委の行政側処理で分ける。,作成したひな形は国・自治体発行の原文ではない。空欄・地域の規則・PTA決定を補い発出者が確定する。A4頁数・印刷は未確認。,https://laws.e-gov.go.jp/law/324AC0000000207 ; https://laws.e-gov.go.jp/law/322AC0000000026 ; https://laws.e-gov.go.jp/law/129AC0000000089 ; https://laws.e-gov.go.jp/law/415AC0000000057 ; https://www.ppc.go.jp/files/pdf/202603_school_pta_pd_point.pdf ; https://ptaorg.com/assets/docs/yokohama-notice-1965-complete.pdf ; https://laws.e-gov.go.jp/law/325AC0000000261 ; https://www.mext.go.jp/content/20221011-mxt_syoto01_02.pdf ; https://laws.e-gov.go.jp/law/322AC0000000067,ガイド10～13／図5／実務ひな形集1～4・8,2026-10-04,v0.1で確認済みの一次資料・根拠表を使用。v0.2は既存資料の再読と設計レビューのみ、新規Web調査なし
M37,加入申込み・受付・承諾の実務例,最低限は申込者・時期・PTA・条件会則会費・加入意思・PTAの受入れを確認。ID・日時・担当・通知・到達確認・開始日は推奨証跡として分ける。,S03／S04／S05／S06／S07,既存S資料の各発出主体（ガイド14章参照）,原資料の日付はS資料一覧参照,97・521・522条／消契法2・3・4・10条／民間側情報規律・PPC13～15頁,一般契約の成立・方式・到達、消費者契約の検討、利用目的・安全管理等。,小規模PTAでも紙一枚やメール保存で事項を共用できる。本人確認は必要な範囲とし、過度な本人確認書類の収集を前提にしない。受付と承諾の区別は維持。,専用欄・独立書類・到達証明取得等を全契約の法定成立要件としない。到達による効力と証跡管理は区別。退会・返金・会則条件はPTAが決定・確認。,https://laws.e-gov.go.jp/law/129AC0000000089 ; https://laws.e-gov.go.jp/law/412AC0000000061 ; https://www.caa.go.jp/policies/policy/consumer_system/consumer_contract_act/annotations/assets/consumer_system_cms203_230915_04.pdf ; https://laws.e-gov.go.jp/law/415AC0000000057 ; https://www.ppc.go.jp/files/pdf/202603_school_pta_pd_point.pdf,ガイド4・5／図4／実務ひな形集5・6,2026-10-04,v0.1で確認済みの一次資料・根拠表を使用。v0.2は既存資料の再読と設計レビューのみ、新規Web調査なし
M38,図・FAQ・自己徴収参考比較,主要5図・既存Before/After・FAQ16問を維持し、図2を強化。補助図A（4つの意思確認）・B（無回答）を追加。インラインSVG又はHTML/CSS。個別サービスは参考例として保持。,S03／S06／S07／S09／S12／S13／S15／S16／S17／S18／S19,既存S資料の各発出主体（ガイド14章参照）,原資料の日付はS資料一覧参照,既存M05～M31の対応箇所,契約・公的情報・学校関与と、各サービスの公開機能・料金。提供者案内は学校の権限根拠ではない。,FAQ16問を原則点検。Q9から横浜市の条件付き代行徴収説明を除き、学校側の根拠確認とPTA自己徴収を明示。図は外部画像・Canvas・Mermaid・JavaScriptなし、文字を選択可能にし色だけで意味を分けない。 図2は非加入申告との差分方式を採用せず、申込み＋承諾の積上げを示す。補助図は加入・情報取扱い・決済・学校提供を区分し、無回答の理由の例示から加入意思を特定しない。旧資料の法的断定は転用しない。,サービス導入を自己徴収の必須条件としない。料金等は導入時要確認。v0.3.1は既存Chromiumで1440px・390px・820pxの画面表示を確認。実機端末・他ブラウザ・A4印刷結果は未確認。,https://laws.e-gov.go.jp/law/129AC0000000089 ; https://laws.e-gov.go.jp/law/415AC0000000057 ; https://www.ppc.go.jp/files/pdf/202603_school_pta_pd_point.pdf ; https://ptaorg.com/assets/docs/yokohama-notice-1965-complete.pdf ; https://laws.e-gov.go.jp/law/325AC0000000261 ; https://www.mext.go.jp/content/20221011-mxt_syoto01_02.pdf ; https://piita.jp/ ; https://piita.jp/howto/payment ; https://zen-p.net/svf/p_piita.html ; https://getsugaku-panda.jp/ ; https://getsugaku-panda.jp/faq/index.html,ガイド図1～5・既存Before/After／実務ひな形集7・参考資料／補助図A・B,2026-10-04,v0.1で確認済みの一次資料・根拠表を使用。v0.2は既存資料の再読と設計レビューのみ、新規Web調査なし v0.3.1：内容の再調査なし。既存Chromiumで2HTMLの1440px・390px・820px表示と図8点をレビュー。表示修正後の結果はopen-issues.md第8節。印刷は未確認。
M39,行政機関等のオプトアウト制度と本人同意,地方公共団体への民間のオプトアウト規定の準用や、独自の第三者提供制度の創設を学校情報提供の根拠にしない。,S08：個人情報の保護に関する法律についてのQ&A（行政機関等編）Q3-3-10,個人情報保護委員会事務局,Q3-3-10：2024-03追加／Q&A全体：2026-04更新／2026-10-04現行記載確認,Q3-3-10・A3-3-10／法58条2項1号・69条2項1号・27条2項,58条2項1号に定める業務を除き、地方公共団体の機関に27条2項は適用されない。法施行条例で行政機関等に同項を準用したり、法の委任なしに独自のオプトアウトによる第三者提供規定を設けたりすることは許容されない。,学校からの情報提供を加入申込み・決済登録と区別する補助図の行政側の根拠として用いる。学校業務・利用目的・必要性・目的内外の判断を先に行う既存設計を維持。,PTA加入契約の成立や、個別の黙示意思表示の評価を直接判断していない。全ての行政側提供を一律禁止する回答でもない。58条2項1号の業務を除くとの前提を省略しない。,https://www.ppc.go.jp/all_faq_index/faq7-q3-3-10/,ガイド9補助図A・14（S08）,2026-10-04,指定されたQ3-3-10のみ、現行PPC公式一覧（2026年4月更新）と公式個別回答の質問・回答・追加年月を確認。その他はEvidence Freezeを維持。
